<?xml version="1.0" encoding="UTF-8"?>
<project-private xmlns="http://www.netbeans.org/ns/project-private/1">
    <editor-bookmarks xmlns="http://www.netbeans.org/ns/editor-bookmarks/2" lastBookmarkId="0"/>
    <open-files xmlns="http://www.netbeans.org/ns/projectui-open-files/2">
        <group>
            <file>file:/C:/Users/RSP-L23-LT-009/Downloads/PASTELERIA/PasteleriaApp%20%201-04-2025/PasteleriaApp/src/Presentacion/HacerPedido.java</file>
            <file>file:/C:/Users/RSP-L23-LT-009/Downloads/PASTELERIA/PasteleriaApp%20%201-04-2025/PasteleriaApp/src/Presentacion/FrmPrincipal.java</file>
            <file>file:/C:/Users/RSP-L23-LT-009/Downloads/PASTELERIA/PasteleriaApp%20%201-04-2025/PasteleriaApp/src/Presentacion/Cliente.java</file>
            <file>file:/C:/Users/RSP-L23-LT-009/Downloads/PASTELERIA/PasteleriaApp%20%201-04-2025/PasteleriaApp/src/Presentacion/Home.java</file>
            <file>file:/C:/Users/RSP-L23-LT-009/Downloads/PASTELERIA/PasteleriaApp%20%201-04-2025/PasteleriaApp/src/Presentacion/Especiales.java</file>
            <file>file:/C:/Users/RSP-L23-LT-009/Downloads/PASTELERIA/PasteleriaApp%20%201-04-2025/PasteleriaApp/src/Presentacion/PagarPedido.java</file>
            <file>file:/C:/Users/RSP-L23-LT-009/Downloads/PASTELERIA/PasteleriaApp%20%201-04-2025/PasteleriaApp/src/Presentacion/MDIsevidor.java</file>
        </group>
    </open-files>
</project-private>
