<?xml version="1.0" encoding="UTF-8"?>
<project-private xmlns="http://www.netbeans.org/ns/project-private/1">
    <open-files xmlns="http://www.netbeans.org/ns/projectui-open-files/2">
        <group>
            <file>file:/C:/Users/RSP-L23-LT-026/Documents/NetBeansProjects/PASTELERIA100/src/Presentacion/FrmPrincipal.java</file>
            <file>file:/C:/Users/RSP-L23-LT-026/Documents/NetBeansProjects/PASTELERIA100/src/Presentacion/Especiales_delDia.java</file>
            <file>file:/C:/Users/RSP-L23-LT-026/Documents/NetBeansProjects/PASTELERIA100/src/Presentacion/Clientes.java</file>
            <file>file:/C:/Users/RSP-L23-LT-026/Documents/NetBeansProjects/PASTELERIA100/src/Presentacion/MDI_servidor.java</file>
            <file>file:/C:/Users/RSP-L23-LT-026/Documents/NetBeansProjects/PASTELERIA100/src/Presentacion/HacerPedido.java</file>
        </group>
    </open-files>
</project-private>
