<?xml version="1.0" encoding="UTF-8"?>
<project-private xmlns="http://www.netbeans.org/ns/project-private/1">
    <editor-bookmarks xmlns="http://www.netbeans.org/ns/editor-bookmarks/2" lastBookmarkId="0"/>
    <open-files xmlns="http://www.netbeans.org/ns/projectui-open-files/2">
        <group>
            <file>file:/C:/Users/RPR-C80A307ES/Downloads/PasteleriaApp/PasteleriaApp%20(2)/PasteleriaApp/PasteleriaApp/src/Presentacion/MDIsevidor.java</file>
            <file>file:/C:/Users/RPR-C80A307ES/Downloads/PasteleriaApp/PasteleriaApp%20(2)/PasteleriaApp/PasteleriaApp/src/Datos/userDAO.java</file>
            <file>file:/C:/Users/RPR-C80A307ES/Downloads/PasteleriaApp/PasteleriaApp%20(2)/PasteleriaApp/PasteleriaApp/src/Entidades/db.java</file>
            <file>file:/C:/Users/RPR-C80A307ES/Downloads/PasteleriaApp/PasteleriaApp%20(2)/PasteleriaApp/PasteleriaApp/src/CRUD/Crud.java</file>
            <file>file:/C:/Users/RPR-C80A307ES/Downloads/PasteleriaApp/PasteleriaApp%20(2)/PasteleriaApp/PasteleriaApp/src/DataBase/Conexion.java</file>
        </group>
    </open-files>
</project-private>
